ALCATEL,ALLVIEW,Asus,Amazfit,APPLE,ARCHOS,ASUS,Bingo,BLU,Blink,CASIO,Fitbit,Fossil,GARMIN,GIONEE,HONOR,HUAWEI,Inbase,INTEX,LENOVO,LG,Mevofit,Misfit,MOTOROLA,Noise,Nubia,OPTA,Polar ,Pebble,Portronics,SAMSUNG,SONY,SPICE,Tenor,Tomtom,Toreto,Ubon,XIAOMI,ZTE
ALCATEL ONE GO WATCH,Allwatch Hybrid T,ASUS VIVOWATCH SP,Amazfit GTR,Acatel OneTouch Watch,German Military Titanium ,Zenwatch 2 WI501Q,Bingo C6,X Link,Blink Classic,Casio WSD-F30 PRO TREK Smart,Fitbit Blaze,Fossil Q Venture Gen 3,Garmin Vivomove 3,Gionee Smart Life,Honor Watch Magic,Watch GT 2,Inbase Urban Beep,Intex IRist Junior,Lenovo Carme HW25P,Watch W7,MevoFit Race-Thrust,Misfit Vapor Smartwatch,Moto 360 Sport (1st gen),Noise ColorFit Pro,Nubia Alpha,OPTA SB-042,POLAR M600,Pebble Classic,Portronics Yogg Kronos POR-991,Galaxy Watch Active2,SmartWatch 3 SWR50,Smart Pulse (M-9010),Tenor Cosmos,TomTom Adventurer,Toreto Bloom 2 TOR 82,Ubon SW-11,Watch Color,nubia Alpha
ALCATEL ONE TOUCH WATCH,Allwatch Hybrid S,ASUS ZENWATCH 3,Amazfit T-Rex,Apple,,Zenwatch 2 WI502Q,Bingo U8,,Blink Sport,CASIO WSD-F20 PRO TREK SMART,Fitbit Versa 2,Fossil Q Explorist Gen 3,Garmin Vivomove Style,,Honor MagicWatch 2 42mm,Watch Magic,Inbase Urban Fit,INTEX IRIST,Lenovo Ego HX07,Watch Sport,MevoFit Race-Space,Misfit Vapor X,Moto 360 42mm (2nd gen),Noise NoiseFit Fusion,,OPTA SB-056,POLAR V800,,,Galaxy Watch Active2 Aluminum,SmartWatch 2 SW2,,Tenor Move Plus,TOMTOM SPARK 3,Toreto Bloom 3 TOR 83,,Mi Watch,Quartz
ALCATEL MOVETIME,Allwatch V,ASUS ZENWATCH 2,Amazfit GTR Glitter Edition,Apple Watch Edition (1st Generation),,Zenwatch WI500Q,Bingo T50 S,,Blink Watch,CASIO WSD-F10,Fitbit Ionic,Fossil Gen 3 Q Venture,Garmin Vivoactive 4S,,Honor MagicWatch 2,Watch GT,,INTEX IRIST PRO,LENOVO VIBE BAND VB10,Watch Style,,MISFIT VAPOR,Moto 360 46mm (2nd gen),Noise Evolve,,OPTA SB-047,POLAR A300,,,Galaxy Watch Active,SONY SMARTWATCH,,,TOMTOM SPARK,Toreto Bloom,,Xiaomi Mi Watch Color,Axon Watch
ALCATEL ONE TOUCH CARETIME,Allwatch,ASUS VIVOWATCH,Amazfit Stratos 3,Apple Watch Edition Series 2,,Asus Vivowatch SP,Bingo T50 S,,,CASIO G`MIX GBA 400,Fitbit Versa Lite,Fossil Q Crewmaster,Garmin Vivoactive 4,,Honor Watch S1,Watch 2 2018,,INEX IRIST JUNIOR,,Watch Urbane LTE,,MISFIT VAPOR 2,Moto 360 (1st gen),Noise Colorfit Pro 2,,OPTA SB-048,,,,Galaxy Watch,SONY SMARTWATCH 4,,,TOMTOM RUNNER,,,Xiaomi Mi Bunny,
,,,Amazfit GTS,Apple Watch Edition Series 3 ,,Zenwatch 3,Bingo T30,,,CASIO WSD-F30 PRO TREK SMART,,Fossil Q Marshall,Garmin Fenix 6S,,Honor Band Z1,Watch 2 Pro,,,,G Watch W100,,,Motorola Moto 360 (3rd Gen),NOISE NOISEFIT EVOLVE,,OPTA SB-038,,,,Gear Sport,SONY SMARTWATCH 3,,,TomTom Adventurer,,,,
,,,Amazfit BIP Lite,Apple Watch Hermes (1st Geneneration),,Zenwatch 2,Bingo T20,,,,,Fossil Gen 2 Smartwatch - Q Founder (FTW2115P),Garmin Fenix 6S Sapphire,,,Watch 2 Classic,,,,G Watch R W110,,,MOTOROLA MOTO 360,NOISE TURBO,,OPTA SB-042,,,,Gear S3 classic LTE,SONY SMARTWATCH 2,,,TomTom TOMTOM SPARK CARDIO,,,,
,,,Amazfit Health,Apple Watch Series 1,,vivowatch,Bingo T60,,,,,Fossil Q Control,Garmin Fenix 6,,,Watch 2,,,,Watch Urbane W150,,,,,,OPTA SB-043,,,,Gear S3 classic,,,,TOMTOM CARDIO PLUS MUSIC,,,,
,,,Amazfit Verge,Apple Watch Series 2,,Zenwatch,Bingo T20 Plus,,,,,Fossil Gen 2 Smartwatch - Q Founder (FTW2118P),Garmin Fenix 6 Sapphire,,,Fit,,,,Watch Urbane 2nd Edition LTE,,,,,,OPTA SB-061,,,,Gear S3 frontier,,,,TOMTOM SPARK MUSIC,,,,
,,,Amazfit Stratos,Apple Watch Series 2 Edition,,,Bingo C4,,,,,Fossil Gen 2 Smartwatch Q MARSHAL (FTW2107P),Garmin Fenix 6X,,,Watch,,,,LG G WATCH R,,,,,,SUBMIT RATING,,,,Gear S3 frontier LTE,,,,,,,,
,,,Amazfit BIP ,Apple Watch Series 2 Hermes,,,Bingo C1,,,,,Fossil Gen 5 Carlyle,Garmin MARQ Commander,,,LG Watch R,,,,Watch Urbane,,,,,,,,,,Gear S2 classic 3G,,,,,,,,
,,,,Apple Watch Series 2 Nike+,,,Bingo C5,,,,,Fossil Men's Gen 4 Explorist HR ,Garmin Vivomove Luxe,,,LG Watch Style,,,,LG G WATCH,,,,,,,,,,Gear S2 classic,,,,,,,,
,,,,Apple Watch Series 3,,,Bingo U8S,,,,,Fossil Men's Sport Metal and Silicone Touchscreen,Garmin Venu,,,LG Watch Urbane 2nd Edition,,,,LG GD910,,,,,,,,,,Gear S2,,,,,,,,
,,,,Apple Watch Series 3 Edition,,,Bingo X6,,,,,Fossil Men's Grant Stainless Steel and Leather Hybrid,Garmin Vivoactive 3,,,LG Watch Sport,,,,,,,,,,,,,,Gear S2 3G,,,,,,,,
,,,,Apple Watch Series 3 Hermes,,,Bingo C9,,,,,Fossil Hybrid Smartwatch HR ,,,,Huawei Watch 2 4G,,,,,,,,,,,,,,Galaxy Gear,,,,,,,,
,,,,Apple Watch Series 3 Nike+,,,Bingo C2,,,,,Fossil Men's Gen 4 Explorist HR ,,,,,,,,,,,,,,,,,,Gear 2,,,,,,,,
,,,,Apple Watch Series 4,,,Bingo C3,,,,,Fossil Hybrid Smartwatch - Q ,,,,,,,,,,,,,,,,,,Gear 2 Neo,,,,,,,,
,,,,Apple Watch Series 4 Hermes,,,Bingo C8,,,,,Fossil Q Men's Commuter,,,,,,,,,,,,,,,,,,Gear Live,,,,,,,,
,,,,Apple Watch Series 4 Nike+,,,Bingo C10,,,,,Fossil Gen 5,,,,,,,,,,,,,,,,,,Gear S,,,,,,,,
,,,,Apple Watch Series 5,,,Bingo C7,,,,,Fossil Sport,,,,,,,,,,,,,,,,,,Samsung Gear S2 Classic Rose Gold,,,,,,,,
,,,,Apple Watch Series 5 Edition,,,Bingo T-10,,,,,,,,,,,,,,,,,,,,,,,Samsung Galaxy Watch 4G,,,,,,,,
,,,,Apple Watch Series 5 Nike+,,,,,,,,,,,,,,,,,,,,,,,,,,Samsung Galaxy Watch Active2 4G,,,,,,,,
,,,,Apple Watch Sport,,,,,,,,,,,,,,,,,,,,,,,,,,Samsung Galaxy Watch,,,,,,,,
,,,,Apple Watch Sport (1st Generation),,,,,,,,,,,,,,,,,,,,,,,,,,,,,,,,,,
,,,,Asus Zenwatch,,,,,,,,,,,,,,,,,,,,,,,,,,,,,,,,,,
,,,,Smart Bracelet,,,,,,,,,,,,,,,,,,,,,,,,,,,,,,,,,,
